{
  "accuracy": 0.9961892664337885,
  "precision": 0.9972677595628415,
  "recall": 0.9945504087193461,
  "f1": 0.9959072305593452,
  "roc_auc": 0.999910544521475,
  "pr_auc": 0.9999015859567285,
  "positives_test": 2936,
  "negatives_test": 3362,
  "timestamp": "2026-03-19T14:16:22.240853+00:00Z"
}